profileName,characterName,threadIndex,views,title
Fistaniderya,,3167292,2065,Fistan's Mirror Shop -- #1 Mana Stacker Chest
IORI_VENON,soy_un_perrito_wuau,3577496,134,"â™˜â™Mirror Serviceâ™˜â™ - Phoenix Whorl, Hellical Ring"
Morgoth92,IGN,3254599,83966,"ğŸŒŸğŸ”¥ MF ACADEMY ğŸ”¥ğŸŒŸ THE MIRROR SERVICE SHOP ğŸ’ ğŸ¹ #1 MF Gear & More ğŸ’° Low Fees ğŸ’ 2,953 Copies"
JeNebu,JeNebu.,2516760,515667,ğŸ”¥ The Forbidden Trove's Mirror Shop ğŸ”¥ Our Site ForbiddenTrove.com - í•œêµ­ì–´ ë²ˆì—­ì´ ì¶”ê°€ë˜ì—ˆìŠµë‹ˆë‹¤ + íŒ¨ìŠ¤ ì˜¤ë¸Œ ë¹Œë”© ë§í¬ ğŸ”¥
vintm,,3526415,842,3.25 The Best Necro Gears  for Mirror Service.
Username349,ceyx_vls,3546246,833,Mirror Service - #1 Vaal soul/ Vaal spam melee weapon. 1.2k PDPS 1H â­Best build in the gameâ­
Castablanca,CLOWNPOWDERğŸˆğŸ¤¡ğŸˆ,2119235,444158,ğŸ¤¡ğŸˆCastaâ€™s CarniVaalğŸˆLegacy Trapper & Miner Mirror ServiceğŸˆğŸ¤¡
bok4492,Kalarni,2170664,205508,"ğŸŒ€â˜ ï¸Kalarni's MF Mirror Service Shopâ˜ ï¸ğŸŒ€ #1 Ele Crucible Bow, 2607eDPS"
valensia79,,3565627,248,INT/Mana stacking gear mirror service
Archmaester,,3474245,1182,Mirror Service for Int Stacking Items of The Archmaester
Jesuscametwice,,3525362,1009,Jesuscametwice's Mirror Shop
RealPapaCarlos,,3561878,101,Pog cluster mirror service
Ayreonn_,Ayreonn_,3561820,109,Ayreonn mirror shop/ Armour stacker
Akisailent,,3581210,104,Teeny-tiny mirror shop
eQinfi,,3461913,2700,BOBs mirror shop :)  simplex amu +2 all 40 aura 22 rmr  only 5d fee
conman164_,,3533175,183,Mirror shop 1484 Pdps Jewelled foil
kianelz,,3533267,110,Niak Mirror Shop STD
primus1213,Lucifer,3324498,46286,ğŸ’Crafting ConsortiumğŸ’ - â„ï¸The Igloo's Mirror shop thread!â„ï¸
KMelholy,AFKheart,3519848,1699,ğŸ”¥ KMelholy's Mirror Shop | Zombie Paradize ğŸ”¥
Majn3r,AndyBee,3400418,1937,GG Low-Life Aurabot & Wardloop Gear @AndyBee | Majn3r's Mirror Shop
wursteis,National_park,3401344,11633,Another Free Mirror Service Thread
Jix_91,,3522005,1325,ğŸŒŸâ˜„ï¸Vaal Fireball Magic Find Gear - Mirror Service â˜„ï¸ğŸŒŸ
Jhiroth,ThisGuyFracs,3558051,149,GG flicker strike gloves mirror service
BadWolf_,,3580435,456,ğŸº ECHO MIRROR SHOP | Standard Shop ğŸº
Shadow501454,Pockets_Full_Of_Auras,3497910,2835,Pockets' Mirror Service:  NEW T0 x3 attribute stack AURABOT Ring/Medium Cluster Jewels
MrBirdey,,3556367,98,Quad Fracture Mana Stacker Mirror Service BIS
calculasian,SaneSquire,3410536,3577,Minion Multi-Link Wand 10L/13L with squire Mirror service (best for forged frostbearer spectre)
muhich1990,Ğ”Ğ°Ğ»_Ğ´ÑƒĞ½ÑƒÑ‚ÑŒ_Ğ°Ğ·Ğ¸Ğ°Ñ‚Ñƒ,3541346,995,âš”ï¸The Mirror Service from Mukhichâš”ï¸Low feeâš”ï¸
notallthatfat1,,3523749,1398,BIS Int/Power Charge Stacking Shield Mirror Service
noxx707,NoxXone,3478837,1077,NoxXiÂ´s Mirror Shop STANDARD MF and vaal builds
lllolll15,TankyAFk,3261154,17292,AFK's MIRROR SHOPğŸ›’ğŸ›¡ï¸#1 AURABOTğŸ›¡ï¸ solo/party POB ğŸŒŸ 207 Copies ğŸŒŸ
Adisprox,,3519721,687,Adisprox's  Various Mirror Shop
luwengod,,3549960,107,11L spiritblade mirror service fee:  50div
Ğ“Ğ½ÑƒÑĞ½Ñ‹Ğ¹Ğ”ĞµĞ´,,3551252,96,MF Gloves Mirror Service
MÃ¡rkusz,MÃ¡rkusz,3464039,906,garf mirror services
kdyo3o4,Cvai,3344629,3004,Armour Stacking Items for Mirror Service
zzang,Lord_Rags,2949853,27817,zzang's Mirror Service
Cusanduru,Esai,3565791,462,mirror service: Necrotic Armour with 4366eva 899es 22suppress 55int 6%attrib - 100d fee
Turquines,,3576173,183,Std mirror shop
VaalStormCall,,3253681,2216,Bipolar and 820's Mirror Shop
pingumi,ChuggingCoffee,3541561,388,ğŸ†ğŸ’¦ Dex Stack Mirror Shop ğŸ†ğŸ’¦
VUEJS,,3571544,134,[W1] Dex stacking chest mirror service
Zinry,,3441132,3563,#1 ARMOUR STACKER HELMET AND CHEST MIRROR SERVICE
Oatmealcrisp,,3560565,151,MIrror service for manastacker rings
Lightraiser,Calcinatio,3508037,1578,ğŸ”¥âš”ï¸âœ¨ MIRROR SERVICE: Best FLICKER STRIKE GLOVES ğŸ¥‡ -Best in Slot- ğŸ¥‡ NEW: lvl30 CATS! âœ¨âš”ï¸ğŸ”¥
trashsushi,,3458051,2136,ArmYourStacker Mirror Shop
Hitma47,,3493109,808,|||||| â™« $ MF Mirror Service - low fee ||||||||||
FreshKaPPa,,3547757,157,Mirror service
CosmosTea,,3533058,115,Babadzzaki Mirror Shop
lolong889,,3497701,487,Mirror Service RF helmet
MF_IS_BEST,,3527730,836,3rd Best MF/ARMOUR STACKER ITEM Mirror shop(all original for sell)
v.fogel,AdMaximum,3254142,1565,fogel shop and mirror service
FearbeyondDeath,,3455079,3635,Armyourstacker Mirror Shop
Zebest78,DarkusAegis,3465006,747,21% MoM Body Armour Mirror Service (Free Fee)
SassyBull,SassyBull,3490754,645,SassyBull Mirror Shop â™¡
Edzzaaa,SupremeElder,3528208,225,MF Gloves for mirror service
Kamirii,,3524464,421,ğŸ¤¡ğŸ¤¡ğŸ¤¡ğŸ¤¡Kamirii Mirror Shop ğŸ¤¡ğŸ¤¡ğŸ¤¡ğŸ¤¡
ePuff,,3521799,548,Mirror Shop  Int/Crit Multi 30% Quantity ring
Tuanitoss,"tuanis.""",3514077,832,ğŸ¤¡ğŸ¤¡ğŸ¤¡ğŸ¤¡ Tuanis Mirror shop ğŸ¤¡ğŸ¤¡ğŸ¤¡ğŸ¤¡
Dadoedi,AurabotAttemptDoedi,3496308,1282,Dadoedi's Mirror shop
Ittaku,Witakas,3527883,325,Mirror service cast speed/fire spell items
XeoTech,Xeo,3409141,1814,ğŸ‰ğŸ² Xeo Mirror Shop ğŸ²ğŸ‰
albinosquid,albinosquid,3526125,243,[Mirror Service] Cataclysm Bane +1 Frenzy Charge Claw
Critmedin,,3526083,227,[Mirror Shop] Penance/Storm Brand Dagger
Iggy5150,,3529615,340,Mirror service
Randolphus044,TSRandolph,3530651,355,Randolph0444TTV Mirror shop
Jaay4,Jaay,3316910,968,Jaay's Mirror Shop | Golden Mantel  | Aurabot Items | Caster Item
Xeeoph,Xeeonn,3511277,458,Mirror Shop - Archmage / Manastacker
CLighthouse,,3510994,389,CLights Standard Mirror Shop
HolyVenue,,3493852,393,MF legacy glyph hold Mirror Service
_TheQue_,RangedQue,3312481,7135,"Ques Mirror Shop , Magic Find Gear / VFB Gear! | New Ring!"
Flinkerkobold,WhiskeyPrincess,3499554,384,Flinker's Mirror Shop
IMBOTASHER_FEMENIST,,3427668,1993,free mirror service
AR_13,abaxoth_investment_fund,3528857,553,BIS Manastacking Manaforged Arrows Boots - mirror service
IVIax_Hit,,3495375,556,IVIax Hit Mirror Shop - Dex Stacker & more - Low Fees
Goldsmith2011,,3521464,420,Mirror Service Shop of Goldsmith2011
D_Dshka,DDd_Ddshka,3490971,433,Mirror Service std
FramFramson,,3422239,717,Reflect in Fram's Mirror Shop! #1 Ghastly Eye in PoE! #1 (& #2) Minion shield! & Some other junk!
hacp,,3497835,409,Mirror Service - Barrage Int Stacker Helm
pTk91,pTk_Sanctum),3520301,464,pTk-Mirror Shop MF stuff and more!!
iSammax,,3520266,376,Mirror Shop
rtyken,,3492605,493,Mirror Shopp
larakikato,,2650081,2927,Ashyliaes's Shop - Mirror Service & Sales
DavidKim_Ko,pc,3489581,1185,"ğŸ†BOB Mirror Service SHOPğŸ† <ğŸ›¡ï¸(Armour Stacking Shield), ğŸ’(Legacy Aura Cluster Jewel), etc>"
chubbycakez,ExLammer,2935486,11110,MIRROR SERVICE
M4ELSTR0M,PradaIII,3262198,2173,M4ELSTR0Ms MF Mirror Service
Matt_Exile,,3410455,596,Matts Cheap Mirror Shop
nay3d,,3490731,502,mirror shop std
QuaD_EkkO,,3487845,568,Boneshatter Items Mirror Shop